00000_dis_far.yaml,dis_far
00001_dis_medi.yaml,dis_medi
00002_dis_far.yaml,dis_far
00003_dis_far.yaml,dis_far
00004_dis_close.yaml,dis_close
00005_dis_medi.yaml,dis_medi
00006_dis_close.yaml,dis_close
00007_dis_close.yaml,dis_close
00008_dis_medi.yaml,dis_medi
00009_dis_close.yaml,dis_close
00010_dis_medi.yaml,dis_medi
00011_dis_close.yaml,dis_close
00012_dis_close.yaml,dis_close
00013_dis_close.yaml,dis_close
00014_dis_medi.yaml,dis_medi
00015_dis_close.yaml,dis_close
00016_dis_medi.yaml,dis_medi
00017_dis_medi.yaml,dis_medi
00018_dis_close.yaml,dis_close
00019_dis_medi.yaml,dis_medi
00020_dis_close.yaml,dis_close
00021_dis_close.yaml,dis_close
00022_dis_medi.yaml,dis_medi
00023_dis_medi.yaml,dis_medi
00024_dis_close.yaml,dis_close
00025_dis_close.yaml,dis_close
00026_dis_far.yaml,dis_far
00027_dis_close.yaml,dis_close
00028_dis_medi.yaml,dis_medi
00029_dis_medi.yaml,dis_medi
00030_dis_medi.yaml,dis_medi
00031_dis_close.yaml,dis_close
00032_dis_medi.yaml,dis_medi
00033_dis_medi.yaml,dis_medi
00034_dis_far.yaml,dis_far
00035_dis_close.yaml,dis_close
00036_dis_close.yaml,dis_close
00037_dis_medi.yaml,dis_medi
00038_dis_far.yaml,dis_far
00039_dis_close.yaml,dis_close
00040_dis_close.yaml,dis_close
00041_dis_close.yaml,dis_close
00042_dis_close.yaml,dis_close
00043_dis_close.yaml,dis_close
00044_dis_far.yaml,dis_far
00045_dis_close.yaml,dis_close
00046_dis_medi.yaml,dis_medi
00047_dis_close.yaml,dis_close
00048_dis_close.yaml,dis_close
00049_dis_close.yaml,dis_close
00050_dis_close.yaml,dis_close
00051_dis_close.yaml,dis_close
00052_dis_close.yaml,dis_close
00053_dis_medi.yaml,dis_medi
00054_dis_close.yaml,dis_close
00055_dis_close.yaml,dis_close
00056_dis_close.yaml,dis_close
00057_dis_close.yaml,dis_close
00058_dis_medi.yaml,dis_medi
00059_dis_close.yaml,dis_close
00060_dis_close.yaml,dis_close
00061_dis_medi.yaml,dis_medi
00062_dis_medi.yaml,dis_medi
00063_dis_close.yaml,dis_close
00064_dis_close.yaml,dis_close
00065_dis_close.yaml,dis_close
00066_dis_medi.yaml,dis_medi
00067_dis_medi.yaml,dis_medi
00068_dis_close.yaml,dis_close
00069_dis_close.yaml,dis_close
00070_dis_far.yaml,dis_far
00071_dis_medi.yaml,dis_medi
00072_dis_medi.yaml,dis_medi
00073_dis_close.yaml,dis_close
00074_dis_close.yaml,dis_close
00075_dis_far.yaml,dis_far
00076_dis_close.yaml,dis_close
00077_dis_close.yaml,dis_close
00078_dis_close.yaml,dis_close
00079_dis_medi.yaml,dis_medi
00080_dis_medi.yaml,dis_medi
00081_dis_close.yaml,dis_close
00082_dis_medi.yaml,dis_medi
00083_dis_close.yaml,dis_close
00084_dis_close.yaml,dis_close
00085_dis_close.yaml,dis_close
00086_dis_medi.yaml,dis_medi
00087_dis_close.yaml,dis_close
00088_dis_close.yaml,dis_close
00089_dis_close.yaml,dis_close
00090_dis_close.yaml,dis_close
00091_dis_medi.yaml,dis_medi
00092_dis_medi.yaml,dis_medi
00093_dis_medi.yaml,dis_medi
00094_dis_close.yaml,dis_close
00095_dis_close.yaml,dis_close
00096_dis_close.yaml,dis_close
00097_dis_close.yaml,dis_close
00098_dis_medi.yaml,dis_medi
00099_dis_close.yaml,dis_close
