00000_dis_far.yaml,dis_far
00001_dis_far.yaml,dis_far
00002_dis_far.yaml,dis_far
00003_dis_far.yaml,dis_far
00004_dis_far.yaml,dis_far
00005_dis_far.yaml,dis_far
00006_dis_far.yaml,dis_far
00007_dis_medi.yaml,dis_medi
00008_dis_medi.yaml,dis_medi
00009_dis_medi.yaml,dis_medi
00010_dis_close.yaml,dis_close
00011_dis_medi.yaml,dis_medi
00012_dis_close.yaml,dis_close
00013_dis_close.yaml,dis_close
00014_dis_close.yaml,dis_close
00015_dis_medi.yaml,dis_medi
00016_dis_close.yaml,dis_close
00017_dis_medi.yaml,dis_medi
00018_dis_close.yaml,dis_close
00019_dis_medi.yaml,dis_medi
00020_dis_close.yaml,dis_close
00021_dis_far.yaml,dis_far
00022_dis_close.yaml,dis_close
00023_dis_medi.yaml,dis_medi
00024_dis_far.yaml,dis_far
00025_dis_medi.yaml,dis_medi
00026_dis_far.yaml,dis_far
00027_dis_medi.yaml,dis_medi
00028_dis_far.yaml,dis_far
00029_dis_far.yaml,dis_far
00030_dis_medi.yaml,dis_medi
00031_dis_close.yaml,dis_close
00032_dis_medi.yaml,dis_medi
00033_dis_medi.yaml,dis_medi
00034_dis_medi.yaml,dis_medi
00035_dis_medi.yaml,dis_medi
00036_dis_medi.yaml,dis_medi
00037_dis_close.yaml,dis_close
00038_dis_medi.yaml,dis_medi
00039_dis_medi.yaml,dis_medi
00040_dis_medi.yaml,dis_medi
00041_dis_medi.yaml,dis_medi
00042_dis_close.yaml,dis_close
00043_dis_medi.yaml,dis_medi
00044_dis_medi.yaml,dis_medi
00045_dis_medi.yaml,dis_medi
00046_dis_far.yaml,dis_far
00047_dis_close.yaml,dis_close
00048_dis_medi.yaml,dis_medi
00049_dis_medi.yaml,dis_medi
00050_dis_close.yaml,dis_close
00051_dis_medi.yaml,dis_medi
00052_dis_close.yaml,dis_close
00053_dis_medi.yaml,dis_medi
00054_dis_medi.yaml,dis_medi
00055_dis_medi.yaml,dis_medi
00056_dis_far.yaml,dis_far
00057_dis_far.yaml,dis_far
00058_dis_medi.yaml,dis_medi
00059_dis_medi.yaml,dis_medi
00060_dis_medi.yaml,dis_medi
00061_dis_close.yaml,dis_close
00062_dis_far.yaml,dis_far
00063_dis_close.yaml,dis_close
00064_dis_medi.yaml,dis_medi
00065_dis_medi.yaml,dis_medi
00066_dis_medi.yaml,dis_medi
00067_dis_medi.yaml,dis_medi
00068_dis_medi.yaml,dis_medi
00069_dis_far.yaml,dis_far
00070_dis_medi.yaml,dis_medi
00071_dis_medi.yaml,dis_medi
00072_dis_medi.yaml,dis_medi
00073_dis_medi.yaml,dis_medi
00074_dis_medi.yaml,dis_medi
00075_dis_medi.yaml,dis_medi
00076_dis_far.yaml,dis_far
00077_dis_medi.yaml,dis_medi
00078_dis_medi.yaml,dis_medi
00079_dis_medi.yaml,dis_medi
00080_dis_medi.yaml,dis_medi
00081_dis_far.yaml,dis_far
00082_dis_close.yaml,dis_close
00083_dis_far.yaml,dis_far
00084_dis_medi.yaml,dis_medi
00085_dis_medi.yaml,dis_medi
00086_dis_close.yaml,dis_close
00087_dis_far.yaml,dis_far
00088_dis_far.yaml,dis_far
00089_dis_medi.yaml,dis_medi
00090_dis_medi.yaml,dis_medi
00091_dis_medi.yaml,dis_medi
00092_dis_medi.yaml,dis_medi
00093_dis_medi.yaml,dis_medi
00094_dis_medi.yaml,dis_medi
00095_dis_medi.yaml,dis_medi
00096_dis_far.yaml,dis_far
00097_dis_medi.yaml,dis_medi
00098_dis_far.yaml,dis_far
00099_dis_far.yaml,dis_far
