00000_dis_close.yaml,dis_close
00001_dis_close.yaml,dis_close
00002_dis_close.yaml,dis_close
00003_dis_close.yaml,dis_close
00004_dis_far.yaml,dis_far
00005_dis_medi.yaml,dis_medi
00006_dis_medi.yaml,dis_medi
00007_dis_medi.yaml,dis_medi
00008_dis_medi.yaml,dis_medi
00009_dis_medi.yaml,dis_medi
00010_dis_close.yaml,dis_close
00011_dis_medi.yaml,dis_medi
00012_dis_medi.yaml,dis_medi
00013_dis_medi.yaml,dis_medi
00014_dis_close.yaml,dis_close
00015_dis_close.yaml,dis_close
00016_dis_close.yaml,dis_close
00017_dis_medi.yaml,dis_medi
00018_dis_medi.yaml,dis_medi
00019_dis_medi.yaml,dis_medi
00020_dis_medi.yaml,dis_medi
00021_dis_close.yaml,dis_close
00022_dis_far.yaml,dis_far
00023_dis_medi.yaml,dis_medi
00024_dis_medi.yaml,dis_medi
00025_dis_close.yaml,dis_close
00026_dis_medi.yaml,dis_medi
00027_dis_close.yaml,dis_close
00028_dis_medi.yaml,dis_medi
00029_dis_medi.yaml,dis_medi
00030_dis_far.yaml,dis_far
00031_dis_medi.yaml,dis_medi
00032_dis_medi.yaml,dis_medi
00033_dis_close.yaml,dis_close
00034_dis_close.yaml,dis_close
00035_dis_close.yaml,dis_close
00036_dis_medi.yaml,dis_medi
00037_dis_medi.yaml,dis_medi
00038_dis_close.yaml,dis_close
00039_dis_medi.yaml,dis_medi
00040_dis_close.yaml,dis_close
00041_dis_medi.yaml,dis_medi
00042_dis_close.yaml,dis_close
00043_dis_medi.yaml,dis_medi
00044_dis_medi.yaml,dis_medi
00045_dis_far.yaml,dis_far
00046_dis_close.yaml,dis_close
00047_dis_medi.yaml,dis_medi
00048_dis_close.yaml,dis_close
00049_dis_close.yaml,dis_close
00050_dis_close.yaml,dis_close
00051_dis_far.yaml,dis_far
00052_dis_medi.yaml,dis_medi
00053_dis_medi.yaml,dis_medi
00054_dis_close.yaml,dis_close
00055_dis_medi.yaml,dis_medi
00056_dis_medi.yaml,dis_medi
00057_dis_medi.yaml,dis_medi
00058_dis_medi.yaml,dis_medi
00059_dis_medi.yaml,dis_medi
00060_dis_medi.yaml,dis_medi
00061_dis_close.yaml,dis_close
00062_dis_medi.yaml,dis_medi
00063_dis_medi.yaml,dis_medi
00064_dis_close.yaml,dis_close
00065_dis_medi.yaml,dis_medi
00066_dis_medi.yaml,dis_medi
00067_dis_medi.yaml,dis_medi
00068_dis_close.yaml,dis_close
00069_dis_far.yaml,dis_far
00070_dis_close.yaml,dis_close
00071_dis_medi.yaml,dis_medi
00072_dis_medi.yaml,dis_medi
00073_dis_close.yaml,dis_close
00074_dis_close.yaml,dis_close
00075_dis_far.yaml,dis_far
00076_dis_medi.yaml,dis_medi
00077_dis_medi.yaml,dis_medi
00078_dis_medi.yaml,dis_medi
00079_dis_medi.yaml,dis_medi
00080_dis_medi.yaml,dis_medi
00081_dis_close.yaml,dis_close
00082_dis_far.yaml,dis_far
00083_dis_close.yaml,dis_close
00084_dis_close.yaml,dis_close
00085_dis_medi.yaml,dis_medi
00086_dis_close.yaml,dis_close
00087_dis_medi.yaml,dis_medi
00088_dis_close.yaml,dis_close
00089_dis_medi.yaml,dis_medi
00090_dis_medi.yaml,dis_medi
00091_dis_medi.yaml,dis_medi
00092_dis_medi.yaml,dis_medi
00093_dis_far.yaml,dis_far
00094_dis_close.yaml,dis_close
00095_dis_medi.yaml,dis_medi
00096_dis_close.yaml,dis_close
00097_dis_medi.yaml,dis_medi
00098_dis_close.yaml,dis_close
00099_dis_medi.yaml,dis_medi
