00000_dis_far.yaml,dis_far
00001_dis_medi.yaml,dis_medi
00002_dis_close.yaml,dis_close
00003_dis_medi.yaml,dis_medi
00004_dis_close.yaml,dis_close
00005_dis_medi.yaml,dis_medi
00006_dis_far.yaml,dis_far
00007_dis_far.yaml,dis_far
00008_dis_medi.yaml,dis_medi
00009_dis_close.yaml,dis_close
00010_dis_far.yaml,dis_far
00011_dis_far.yaml,dis_far
00012_dis_close.yaml,dis_close
00013_dis_medi.yaml,dis_medi
00014_dis_close.yaml,dis_close
00015_dis_close.yaml,dis_close
00016_dis_medi.yaml,dis_medi
00017_dis_medi.yaml,dis_medi
00018_dis_medi.yaml,dis_medi
00019_dis_medi.yaml,dis_medi
00020_dis_medi.yaml,dis_medi
00021_dis_medi.yaml,dis_medi
00022_dis_medi.yaml,dis_medi
00023_dis_close.yaml,dis_close
00024_dis_close.yaml,dis_close
00025_dis_medi.yaml,dis_medi
00026_dis_close.yaml,dis_close
00027_dis_far.yaml,dis_far
00028_dis_medi.yaml,dis_medi
00029_dis_far.yaml,dis_far
00030_dis_medi.yaml,dis_medi
00031_dis_far.yaml,dis_far
00032_dis_medi.yaml,dis_medi
00033_dis_far.yaml,dis_far
00034_dis_medi.yaml,dis_medi
00035_dis_close.yaml,dis_close
00036_dis_close.yaml,dis_close
00037_dis_medi.yaml,dis_medi
00038_dis_far.yaml,dis_far
00039_dis_far.yaml,dis_far
00040_dis_far.yaml,dis_far
00041_dis_medi.yaml,dis_medi
00042_dis_close.yaml,dis_close
00043_dis_medi.yaml,dis_medi
00044_dis_medi.yaml,dis_medi
00045_dis_far.yaml,dis_far
00046_dis_far.yaml,dis_far
00047_dis_close.yaml,dis_close
00048_dis_close.yaml,dis_close
00049_dis_close.yaml,dis_close
00050_dis_far.yaml,dis_far
00051_dis_far.yaml,dis_far
00052_dis_medi.yaml,dis_medi
00053_dis_far.yaml,dis_far
00054_dis_far.yaml,dis_far
00055_dis_medi.yaml,dis_medi
00056_dis_far.yaml,dis_far
00057_dis_medi.yaml,dis_medi
00058_dis_far.yaml,dis_far
00059_dis_far.yaml,dis_far
00060_dis_far.yaml,dis_far
00061_dis_close.yaml,dis_close
00062_dis_close.yaml,dis_close
00063_dis_far.yaml,dis_far
00064_dis_medi.yaml,dis_medi
00065_dis_far.yaml,dis_far
00066_dis_far.yaml,dis_far
00067_dis_far.yaml,dis_far
00068_dis_medi.yaml,dis_medi
00069_dis_far.yaml,dis_far
00070_dis_medi.yaml,dis_medi
00071_dis_medi.yaml,dis_medi
00072_dis_far.yaml,dis_far
00073_dis_medi.yaml,dis_medi
00074_dis_medi.yaml,dis_medi
00075_dis_medi.yaml,dis_medi
00076_dis_close.yaml,dis_close
00077_dis_close.yaml,dis_close
00078_dis_far.yaml,dis_far
00079_dis_medi.yaml,dis_medi
00080_dis_medi.yaml,dis_medi
00081_dis_close.yaml,dis_close
00082_dis_medi.yaml,dis_medi
00083_dis_close.yaml,dis_close
00084_dis_far.yaml,dis_far
00085_dis_close.yaml,dis_close
00086_dis_medi.yaml,dis_medi
00087_dis_far.yaml,dis_far
00088_dis_far.yaml,dis_far
00089_dis_close.yaml,dis_close
00090_dis_far.yaml,dis_far
00091_dis_far.yaml,dis_far
00092_dis_close.yaml,dis_close
00093_dis_far.yaml,dis_far
00094_dis_far.yaml,dis_far
00095_dis_close.yaml,dis_close
00096_dis_medi.yaml,dis_medi
00097_dis_far.yaml,dis_far
00098_dis_far.yaml,dis_far
00099_dis_far.yaml,dis_far
