00000_dis_close.yaml,dis_close
00001_dis_close.yaml,dis_close
00002_dis_medi.yaml,dis_medi
00003_dis_medi.yaml,dis_medi
00004_dis_far.yaml,dis_far
00005_dis_far.yaml,dis_far
00006_dis_far.yaml,dis_far
00007_dis_far.yaml,dis_far
00008_dis_close.yaml,dis_close
00009_dis_close.yaml,dis_close
00010_dis_close.yaml,dis_close
00011_dis_close.yaml,dis_close
00012_dis_close.yaml,dis_close
00013_dis_close.yaml,dis_close
00014_dis_close.yaml,dis_close
00015_dis_far.yaml,dis_far
00016_dis_close.yaml,dis_close
00017_dis_medi.yaml,dis_medi
00018_dis_close.yaml,dis_close
00019_dis_close.yaml,dis_close
00020_dis_close.yaml,dis_close
00021_dis_far.yaml,dis_far
00022_dis_medi.yaml,dis_medi
00023_dis_medi.yaml,dis_medi
00024_dis_medi.yaml,dis_medi
00025_dis_close.yaml,dis_close
00026_dis_far.yaml,dis_far
00027_dis_close.yaml,dis_close
00028_dis_far.yaml,dis_far
00029_dis_far.yaml,dis_far
00030_dis_medi.yaml,dis_medi
00031_dis_medi.yaml,dis_medi
00032_dis_medi.yaml,dis_medi
00033_dis_far.yaml,dis_far
00034_dis_medi.yaml,dis_medi
00035_dis_far.yaml,dis_far
00036_dis_close.yaml,dis_close
00037_dis_close.yaml,dis_close
00038_dis_close.yaml,dis_close
00039_dis_close.yaml,dis_close
00040_dis_far.yaml,dis_far
00041_dis_far.yaml,dis_far
00042_dis_far.yaml,dis_far
00043_dis_close.yaml,dis_close
00044_dis_close.yaml,dis_close
00045_dis_medi.yaml,dis_medi
00046_dis_close.yaml,dis_close
00047_dis_far.yaml,dis_far
00048_dis_far.yaml,dis_far
00049_dis_medi.yaml,dis_medi
00050_dis_close.yaml,dis_close
00051_dis_far.yaml,dis_far
00052_dis_medi.yaml,dis_medi
00053_dis_far.yaml,dis_far
00054_dis_medi.yaml,dis_medi
00055_dis_close.yaml,dis_close
00056_dis_medi.yaml,dis_medi
00057_dis_close.yaml,dis_close
00058_dis_far.yaml,dis_far
00059_dis_close.yaml,dis_close
00060_dis_far.yaml,dis_far
00061_dis_medi.yaml,dis_medi
00062_dis_medi.yaml,dis_medi
00063_dis_close.yaml,dis_close
00064_dis_close.yaml,dis_close
00065_dis_close.yaml,dis_close
00066_dis_medi.yaml,dis_medi
00067_dis_medi.yaml,dis_medi
00068_dis_close.yaml,dis_close
00069_dis_medi.yaml,dis_medi
00070_dis_medi.yaml,dis_medi
00071_dis_medi.yaml,dis_medi
00072_dis_medi.yaml,dis_medi
00073_dis_far.yaml,dis_far
00074_dis_medi.yaml,dis_medi
00075_dis_far.yaml,dis_far
00076_dis_far.yaml,dis_far
00077_dis_medi.yaml,dis_medi
00078_dis_close.yaml,dis_close
00079_dis_close.yaml,dis_close
00080_dis_medi.yaml,dis_medi
00081_dis_medi.yaml,dis_medi
00082_dis_close.yaml,dis_close
00083_dis_far.yaml,dis_far
00084_dis_far.yaml,dis_far
00085_dis_medi.yaml,dis_medi
00086_dis_medi.yaml,dis_medi
00087_dis_far.yaml,dis_far
00088_dis_far.yaml,dis_far
00089_dis_far.yaml,dis_far
00090_dis_close.yaml,dis_close
00091_dis_close.yaml,dis_close
00092_dis_close.yaml,dis_close
00093_dis_close.yaml,dis_close
00094_dis_close.yaml,dis_close
00095_dis_far.yaml,dis_far
00096_dis_medi.yaml,dis_medi
00097_dis_medi.yaml,dis_medi
00098_dis_medi.yaml,dis_medi
00099_dis_close.yaml,dis_close
