00000_dis_far.yaml,dis_far
00001_dis_medi.yaml,dis_medi
00002_dis_far.yaml,dis_far
00003_dis_far.yaml,dis_far
00004_dis_medi.yaml,dis_medi
00005_dis_medi.yaml,dis_medi
00006_dis_medi.yaml,dis_medi
00007_dis_far.yaml,dis_far
00008_dis_medi.yaml,dis_medi
00009_dis_far.yaml,dis_far
00010_dis_medi.yaml,dis_medi
00011_dis_close.yaml,dis_close
00012_dis_close.yaml,dis_close
00013_dis_close.yaml,dis_close
00014_dis_medi.yaml,dis_medi
00015_dis_medi.yaml,dis_medi
00016_dis_close.yaml,dis_close
00017_dis_medi.yaml,dis_medi
00018_dis_close.yaml,dis_close
00019_dis_far.yaml,dis_far
00020_dis_close.yaml,dis_close
00021_dis_close.yaml,dis_close
00022_dis_far.yaml,dis_far
00023_dis_medi.yaml,dis_medi
00024_dis_close.yaml,dis_close
00025_dis_medi.yaml,dis_medi
00026_dis_medi.yaml,dis_medi
00027_dis_medi.yaml,dis_medi
00028_dis_medi.yaml,dis_medi
00029_dis_medi.yaml,dis_medi
00030_dis_medi.yaml,dis_medi
00031_dis_medi.yaml,dis_medi
00032_dis_medi.yaml,dis_medi
00033_dis_medi.yaml,dis_medi
00034_dis_medi.yaml,dis_medi
00035_dis_far.yaml,dis_far
00036_dis_medi.yaml,dis_medi
00037_dis_far.yaml,dis_far
00038_dis_close.yaml,dis_close
00039_dis_close.yaml,dis_close
00040_dis_medi.yaml,dis_medi
00041_dis_medi.yaml,dis_medi
00042_dis_close.yaml,dis_close
00043_dis_medi.yaml,dis_medi
00044_dis_medi.yaml,dis_medi
00045_dis_medi.yaml,dis_medi
00046_dis_medi.yaml,dis_medi
00047_dis_medi.yaml,dis_medi
00048_dis_close.yaml,dis_close
00049_dis_medi.yaml,dis_medi
00050_dis_medi.yaml,dis_medi
00051_dis_close.yaml,dis_close
00052_dis_medi.yaml,dis_medi
00053_dis_medi.yaml,dis_medi
00054_dis_medi.yaml,dis_medi
00055_dis_medi.yaml,dis_medi
00056_dis_far.yaml,dis_far
00057_dis_medi.yaml,dis_medi
00058_dis_far.yaml,dis_far
00059_dis_medi.yaml,dis_medi
00060_dis_medi.yaml,dis_medi
00061_dis_far.yaml,dis_far
00062_dis_medi.yaml,dis_medi
00063_dis_close.yaml,dis_close
00064_dis_medi.yaml,dis_medi
00065_dis_close.yaml,dis_close
00066_dis_medi.yaml,dis_medi
00067_dis_far.yaml,dis_far
00068_dis_far.yaml,dis_far
00069_dis_close.yaml,dis_close
00070_dis_medi.yaml,dis_medi
00071_dis_close.yaml,dis_close
00072_dis_medi.yaml,dis_medi
00073_dis_close.yaml,dis_close
00074_dis_close.yaml,dis_close
00075_dis_medi.yaml,dis_medi
00076_dis_close.yaml,dis_close
00077_dis_far.yaml,dis_far
00078_dis_far.yaml,dis_far
00079_dis_medi.yaml,dis_medi
00080_dis_medi.yaml,dis_medi
00081_dis_close.yaml,dis_close
00082_dis_medi.yaml,dis_medi
00083_dis_medi.yaml,dis_medi
00084_dis_medi.yaml,dis_medi
00085_dis_medi.yaml,dis_medi
00086_dis_medi.yaml,dis_medi
00087_dis_far.yaml,dis_far
00088_dis_medi.yaml,dis_medi
00089_dis_close.yaml,dis_close
00090_dis_close.yaml,dis_close
00091_dis_medi.yaml,dis_medi
00092_dis_medi.yaml,dis_medi
00093_dis_close.yaml,dis_close
00094_dis_close.yaml,dis_close
00095_dis_close.yaml,dis_close
00096_dis_medi.yaml,dis_medi
00097_dis_medi.yaml,dis_medi
00098_dis_close.yaml,dis_close
00099_dis_close.yaml,dis_close
